Name,Item No,Vf,Imax,CCT,CRI,Cutout,Beam Angle,Wattage,Batch Code,Stock Code,MFG BY,BIS No,BIS SEC,MRP,IMAGE
Anka,,,,,,,,,,AOLZ1054/30/B/S,,,,22199,https://i.ibb.co/NgDVLkj7/Anka-AOLZ1054.png
Anka,,,,,,,,,,AOLZ1054/30/G/S,,,,22199,Image required
Zibal 3,,,,,,,,,,AOLS0242/30/5/B/S,,,,7399,https://i.ibb.co/0j45CZh0/Zibal.png
Zibal 3,,,,,,,,,,AOLS0242/30/8/B/S,,,,7399,https://i.ibb.co/0j45CZh0/Zibal.png
Zibal 3,,,,,,,,,,AOLS0242/30/25/B/S,,,,7399,https://i.ibb.co/0j45CZh0/Zibal.png
Zibal 3,,,,,,,,,,AOLS0242/30/40/B/S,,,,7399,https://i.ibb.co/0j45CZh0/Zibal.png
Zibal 3,,,,,,,,,,AOLS0242/30/60/B/S,,,,7399,https://i.ibb.co/0j45CZh0/Zibal.png
Zibal 5.5,,,,,,,,,,AOLS0663/30/15/B/S,,,,8749,https://i.ibb.co/0j45CZh0/Zibal.png
Zibal 5.5,,,,,,,,,,AOLS0663/30/30/B/S,,,,8749,https://i.ibb.co/0j45CZh0/Zibal.png
Zibal 5.5,,,,,,,,,,AOLS0663/30/45/B/S,,,,8749,https://i.ibb.co/0j45CZh0/Zibal.png
Zibal 5.5,,,,,,,,,,AOLS0663/30/60/B/S,,,,8749,https://i.ibb.co/0j45CZh0/Zibal.png
Zibal 12,,,,,,,,,,AOLS1270/30/15/B/S,,,,11199,https://i.ibb.co/0j45CZh0/Zibal.png
Zibal 12,,,,,,,,,,AOLS1270/30/30/B/S,,,,11199,https://i.ibb.co/0j45CZh0/Zibal.png
Zibal 12,,,,,,,,,,AOLS1270/30/45/B/S,,,,11199,https://i.ibb.co/0j45CZh0/Zibal.png
Zibal 12,,,,,,,,,,AOLS1270/30/60/B/S,,,,11199,https://i.ibb.co/0j45CZh0/Zibal.png
Zibal 16,,,,,,,,,,AOLS1280/30/15/B/S,,,,14799,https://i.ibb.co/0j45CZh0/Zibal.png
Zibal 16,,,,,,,,,,AOLS1280/30/30/B/S,,,,14799,https://i.ibb.co/0j45CZh0/Zibal.png
Zibal 16,,,,,,,,,,AOLS1280/30/45/B/S,,,,14799,https://i.ibb.co/0j45CZh0/Zibal.png
Zibal 16,,,,,,,,,,AOLS1280/30/60/B/S,,,,14799,https://i.ibb.co/0j45CZh0/Zibal.png
Sabik,,,,,,,,,,AOLS0960/30/6/B/S,,,,12399,https://i.ibb.co/HpdZ5NpZ/Sabik.png
Sabik,,,,,,,,,,AOLS0960/30/12/B/S,,,,12399,https://i.ibb.co/HpdZ5NpZ/Sabik.png
Sabik,,,,,,,,,,AOLS0960/30/25/B/S,,,,12399,https://i.ibb.co/HpdZ5NpZ/Sabik.png
Sabik,,,,,,,,,,AOLS0960/30/40/B/S,,,,12399,https://i.ibb.co/HpdZ5NpZ/Sabik.png
Sabik,,,,,,,,,,AOLS0960/30/60/B/S,,,,12399,https://i.ibb.co/HpdZ5NpZ/Sabik.png
Polis 15,,,,,,,,,,AOSL1580/30/18/B/S,,,,16199,https://i.ibb.co/C3f9WtGd/Polis.png
Polis 15,,,,,,,,,,AOSL1580/30/24/B/S,,,,16199,https://i.ibb.co/C3f9WtGd/Polis.png
Polis 15,,,,,,,,,,AOSL1580/30/38/B/S,,,,16199,https://i.ibb.co/C3f9WtGd/Polis.png
Polis 15,,,,,,,,,,AOSL1580/30/60/B/S,,,,16199,https://i.ibb.co/C3f9WtGd/Polis.png
Polis 25,,,,,,,,,,AOLS2510/30/18/B/S,,,,23199,https://i.ibb.co/C3f9WtGd/Polis.png
Polis 25,,,,,,,,,,AOLS2510/30/24/B/S,,,,23199,https://i.ibb.co/C3f9WtGd/Polis.png
Polis 25,,,,,,,,,,AOLS2510/30/38/B/S,,,,23199,https://i.ibb.co/C3f9WtGd/Polis.png
Polis 25,,,,,,,,,,AOLS2510/30/60/B/S,,,,23199,https://i.ibb.co/C3f9WtGd/Polis.png
Caph,,,,,,,,,,AOGLL255/30/10/R,,,,6749,https://i.ibb.co/Ngj3fm2k/Caph.png
Caph,,,,,,,,,,AOGLL255/30/25/R,,,,6749,https://i.ibb.co/Ngj3fm2k/Caph.png
Caph,,,,,,,,,,AOGLL255/30/35/R,,,,6749,https://i.ibb.co/Ngj3fm2k/Caph.png
Caph,,,,,,,,,,AOGLL255/30/40/R,,,,6749,https://i.ibb.co/Ngj3fm2k/Caph.png
Caph,,,,,,,,,,AOGLL255/30/15/C,,,,6749,https://i.ibb.co/Qvm2JHgz/Caph-2-C.png
Caph,,,,,,,,,,AOGLL255/30/25/C,,,,6749,https://i.ibb.co/Qvm2JHgz/Caph-2-C.png
Caph,,,,,,,,,,AOGLL255/30/35/C,,,,6749,https://i.ibb.co/Qvm2JHgz/Caph-2-C.png
Caph,,,,,,,,,,AOGLL255/30/40/C,,,,6749,https://i.ibb.co/Qvm2JHgz/Caph-2-C.png
Segin,,,,,,,,,,AOGL0255/30/1/B,,,,6799,Image required
Segin,,,,,,,,,,AOGL0255/30/1/G,,,,6799,https://i.ibb.co/gxSwR94/Segin-grey.png
Segin,,,,,,,,,,AOGL0255/30/2/B,,,,6799,Image required
Segin,,,,,,,,,,AOGL0255/30/2/G,,,,6799,https://i.ibb.co/gxSwR94/Segin-grey.png
Segin,,,,,,,,,,AOGL0255/30/4/B,,,,6799,Image required
Segin,,,,,,,,,,AOGL0255/30/4/G,,,,6799,https://i.ibb.co/gxSwR94/Segin-grey.png
Anser,,,,,,,,,,AOGL0611/30,,,,10699,https://i.ibb.co/pBWg8NZw/Anser.png
Izar,,,,,,,,,,AOGL0395/30/8,,,,11499,https://i.ibb.co/LXfqFqkJ/Izar.png
Izar,,,,,,,,,,AOGL0395/30/15,,,,11499,https://i.ibb.co/LXfqFqkJ/Izar.png
Izar,,,,,,,,,,AOGL0395/30/30,,,,11499,https://i.ibb.co/LXfqFqkJ/Izar.png
Izar,,,,,,,,,,AOGL0395/30/40,,,,11499,https://i.ibb.co/LXfqFqkJ/Izar.png
Izar,,,,,,,,,,AOGL0395/30/60,,,,11499,https://i.ibb.co/LXfqFqkJ/Izar.png
Timir,,,,,,,,,,AOSL0278/30/R,,,,5649,https://i.ibb.co/wFj0YMtR/Timir.png
Timir,,,,,,,,,,AOSL0278/30/S,,,,5649,https://i.ibb.co/wFj0YMtR/Timir.png
Timir,,,,,,,,,,AOSL0278/30/R/B,,,,5649,https://i.ibb.co/wFj0YMtR/Timir.png
Timir,,,,,,,,,,AOSL0278/30/S/B,,,,5649,https://i.ibb.co/wFj0YMtR/Timir.png
Morava,,,,,,,,,,AOWL0238/30/15,,,,7799,https://i.ibb.co/Pvm27918/Morava.png
Morava,,,,,,,,,,AOWL0238/30/35,,,,7799,https://i.ibb.co/Pvm27918/Morava.png
Morava,,,,,,,,,,AOWL0238/30/40,,,,7799,https://i.ibb.co/Pvm27918/Morava.png
Morava,,,,,,,,,,AOWL0238/30/60,,,,7799,https://i.ibb.co/Pvm27918/Morava.png
Marsic,,,,,,,,,,AOWS0261/30/15,,,,11099,https://i.ibb.co/Zpc8DDzq/Marsic.png
Marsic,,,,,,,,,,AOWS0261/30/30,,,,11099,https://i.ibb.co/Zpc8DDzq/Marsic.png
Marsic,,,,,,,,,,AOWS0261/30/40,,,,11099,https://i.ibb.co/Zpc8DDzq/Marsic.png
Marsic,,,,,,,,,,AOWS0261/30/60,,,,11099,https://i.ibb.co/Zpc8DDzq/Marsic.png
Rigel,,,,,,,,,,AUWL0368/RGB/15,,,,13049,https://i.ibb.co/mrgP1QRz/Rigel.png
Rigel,,,,,,,,,,AUWL0368/RGB/30,,,,13049,https://i.ibb.co/mrgP1QRz/Rigel.png
Rigel,,,,,,,,,,AUWL0368/RGB/45,,,,13049,https://i.ibb.co/mrgP1QRz/Rigel.png
Rigel,,,,,,,,,,AUWL0368/RGB/60,,,,13049,https://i.ibb.co/mrgP1QRz/Rigel.png
Sarin,,,,,,,,,,AUWL1213/RGB/15,,,,21049,https://i.ibb.co/TqNZPMWt/Sarin.png
Sarin,,,,,,,,,,AUWL1213/RGB/30,,,,21049,https://i.ibb.co/TqNZPMWt/Sarin.png
Sarin,,,,,,,,,,AUWL1213/RGB/45,,,,21049,https://i.ibb.co/TqNZPMWt/Sarin.png
Sarin,,,,,,,,,,AUWL1213/RGB/60,,,,21049,https://i.ibb.co/TqNZPMWt/Sarin.png
Mizar,,,,,,,,,,AOWS1212/30/15,,,,29299,https://i.ibb.co/4R3bB7Gx/Mizar.png
Mizar,,,,,,,,,,AOWS1212/30/30,,,,29299,https://i.ibb.co/4R3bB7Gx/Mizar.png
Mizar,,,,,,,,,,AOWS1212/30/40,,,,29299,https://i.ibb.co/4R3bB7Gx/Mizar.png
Mizar,,,,,,,,,,AOWS1212/30/60,,,,29299,https://i.ibb.co/4R3bB7Gx/Mizar.png